{
	"info": {
		"_postman_id": "d24ac338-7dc5-4de6-841f-72617184ff02",
		"name": "Wo Comm",
		"schema": "https://schema.getpostman.com/json/collection/v2.0.0/collection.json",
		"_exporter_id": "45963372",
		"_collection_link": "https://unihash-7233191.postman.co/workspace/929a8efa-4a10-4d59-8055-1b562401e84d/collection/45963372-d24ac338-7dc5-4de6-841f-72617184ff02?action=share&source=collection_link&creator=45963372"
	},
	"item": [
		{
			"name": "Create Product",
			"request": {
				"method": "POST",
				"header": [
					{
						"key": "Content-Type",
						"value": "application/json",
						"type": "text"
					},
					{
						"key": "Accept",
						"value": "application/json",
						"type": "text"
					}
				],
				"body": {
					"mode": "raw",
					"raw": "{\r\n  \"name\": \"Sample Product Test 3\",\r\n \"sku\": \"SKU123\",\r\n \"price\": 199.99,\r\n \"description\": \"Detailed product description test 3\",\r\n \"short_description\": \"Short one-line info test 3\",\r\n \"quantity\": 10,\r\n \"weight\": \"0.5\",\r\n \"woocommerce_category_id\": [15]\r\n}",
					"options": {
						"raw": {
							"language": "json"
						}
					}
				},
				"url": "{{baseURL}}/api/woocommerce/products"
			},
			"response": []
		},
		{
			"name": "Update Product",
			"request": {
				"method": "PUT",
				"header": [
					{
						"key": "Content-Type",
						"value": "application/json",
						"type": "text"
					},
					{
						"key": "Accept",
						"value": "application/json",
						"type": "text"
					}
				],
				"body": {
					"mode": "raw",
					"raw": "{\r\n  \"name\": \"Sample Product Test-03\",\r\n \"sku\": \"SKU124\",\r\n \"price\": 199.99,\r\n \"description\": \"Detailed product descriptio test-03\",\r\n \"short_description\": \"Short one-line info test-03\",\r\n \"quantity\": 5,\r\n \"weight\": \"0.5\",\r\n \"woocommerce_category_id\": [15]\r\n}",
					"options": {
						"raw": {
							"language": "json"
						}
					}
				},
				"url": "{{baseURL}}/api/woocommerce/products/7925"
			},
			"response": []
		},
		{
			"name": "Delete Product",
			"request": {
				"method": "DELETE",
				"header": [
					{
						"key": "Content-Type",
						"value": "application/json",
						"type": "text"
					},
					{
						"key": "Accept",
						"value": "application/json",
						"type": "text"
					}
				],
				"url": "{{baseURL}}/api/woocommerce/products/79190"
			},
			"response": []
		},
		{
			"name": "All Products",
			"request": {
				"method": "GET",
				"header": [],
				"url": "{{baseURL}}/api/woocommerce/products"
			},
			"response": []
		},
		{
			"name": "Local All Products",
			"request": {
				"method": "POST",
				"header": [],
				"url": "{{baseURL}}/api/woocommerce/sync"
			},
			"response": []
		},
		{
			"name": "Test Wo Connection",
			"request": {
				"method": "GET",
				"header": [],
				"url": "{{baseURL}}/api/woocommerce/test-connection"
			},
			"response": []
		}
	],
	"variable": [
		{
			"key": "baseURL",
			"value": "",
			"type": "default"
		}
	]
}